{"camp-data": [{"type": "MECHANISM", "name": "music box interactive configuration", "reactions": [{"type": "PHOTOLYSIS", "scaling_factor": 1, "MUSICA name": "NO2", "reactants": {"NO2": {}}, "products": {"NO": {"yield": 1}, "O": {"yield": 1}, "irr__0": {"yield": 1}}}, {"type": "ARRHENIUS", "A": 6e-34, "Ea": 0, "B": -2.4, "D": 300, "E": 0, "reactants": {"O": {"qty": 1}, "O2": {"qty": 1}, "M": {"qty": 1}}, "products": {"O3": {"yield": 1}, "M": {"yield": 1}, "irr__1": {"yield": 1}}}, {"type": "ARRHENIUS", "A": 3e-12, "Ea": 0, "B": 0, "D": 300, "E": 0, "reactants": {"O3": {"qty": 1}, "NO": {"qty": 1}}, "products": {"NO2": {"yield": 1}, "irr__2": {"yield": 1}}}, {"type": "ARRHENIUS", "A": 5.6e-12, "Ea": 0, "B": 0, "D": 300, "E": 0, "reactants": {"O": {"qty": 1}, "NO2": {"qty": 1}}, "products": {"NO": {"yield": 1}, "irr__3": {"yield": 1}}}, {"type": "TROE", "k0_A": 2.5e-31, "k0_B": -1.8, "k0_C": 0, "kinf_A": 2.2e-11, "kinf_B": -0.7, "kinf_C": 0, "Fc": 0.6, "N": 1, "reactants": {"O": {"qty": 1}, "NO2": {"qty": 1}}, "products": {"NO3": {"yield": 1}, "irr__4": {"yield": 1}}}, {"type": "TROE", "k0_A": 9e-32, "k0_B": -1.5, "k0_C": 0, "kinf_A": 3e-11, "kinf_B": 0, "kinf_C": 0, "Fc": 0.6, "N": 1, "reactants": {"O": {"qty": 1}, "NO": {"qty": 1}}, "products": {"NO2": {"yield": 1}, "irr__5": {"yield": 1}}}, {"type": "ARRHENIUS", "A": 1.2e-13, "Ea": 0, "B": 0, "D": 300, "E": 0, "reactants": {"NO2": {"qty": 1}, "O3": {"qty": 1}}, "products": {"NO3": {"yield": 1}, "irr__6": {"yield": 1}}}, {"type": "PHOTOLYSIS", "scaling_factor": 1, "MUSICA name": "O3->O3P", "reactants": {"O3": {}}, "products": {"O": {"yield": 1}, "irr__7": {"yield": 1}}}, {"type": "PHOTOLYSIS", "scaling_factor": 1, "MUSICA name": "O3->O1D", "reactants": {"O3": {}}, "products": {"O1D": {"yield": 1}, "irr__8": {"yield": 1}}}, {"type": "ARRHENIUS", "A": 2.1e-11, "Ea": 0, "B": 0, "D": 300, "E": 0, "reactants": {"O1D": {"qty": 1}, "M": {"qty": 1}}, "products": {"O": {"yield": 1}, "M": {"yield": 1}, "irr__9": {"yield": 1}}}, {"type": "ARRHENIUS", "A": 2.2e-10, "Ea": 0, "B": 0, "D": 300, "E": 0, "reactants": {"O1D": {"qty": 1}, "H2O": {"qty": 1}}, "products": {"OH": {"yield": 2}, "irr__10": {"yield": 1}}}, {"type": "ARRHENIUS", "A": 1.7e-12, "Ea": 0, "B": 0, "D": 300, "E": 0, "reactants": {"O3": {"qty": 1}, "OH": {"qty": 1}}, "products": {"HO2": {"yield": 1}, "irr__11": {"yield": 1}}}, {"type": "ARRHENIUS", "A": 1e-14, "Ea": 0, "B": 0, "D": 300, "E": 0, "reactants": {"O3": {"qty": 1}, "HO2": {"qty": 1}}, "products": {"OH": {"yield": 1}, "irr__12": {"yield": 1}}}, {"type": "PHOTOLYSIS", "scaling_factor": 1, "MUSICA name": "NO3->NO2", "reactants": {"NO3": {}}, "products": {"NO2": {"yield": 1}, "O": {"yield": 1}, "irr__13": {"yield": 1}}}, {"type": "PHOTOLYSIS", "scaling_factor": 1, "MUSICA name": "NO3->NO", "reactants": {"NO3": {}}, "products": {"NO": {"yield": 1}, "irr__14": {"yield": 1}}}, {"type": "ARRHENIUS", "A": 1.5e-11, "Ea": 0, "B": 0, "D": 300, "E": 0, "reactants": {"NO3": {"qty": 1}, "NO": {"qty": 1}}, "products": {"NO2": {"yield": 2}, "irr__15": {"yield": 1}}}, {"type": "ARRHENIUS", "A": 4.5e-14, "Ea": 0, "B": 0, "D": 300, "E": 0, "reactants": {"NO3": {"qty": 1}, "NO2": {"qty": 1}}, "products": {"NO": {"yield": 1}, "NO2": {"yield": 1}, "irr__16": {"yield": 1}}}, {"type": "TROE", "k0_A": 2e-30, "k0_B": -4.4, "k0_C": 0, "kinf_A": 1.4e-12, "kinf_B": -0.7, "kinf_C": 0, "Fc": 0.6, "N": 1, "reactants": {"NO3": {"qty": 1}, "NO2": {"qty": 1}}, "products": {"N2O5": {"yield": 1}, "irr__17": {"yield": 1}}}, {"type": "ARRHENIUS", "A": 2.5e-22, "Ea": 0, "B": 0, "D": 300, "E": 0, "reactants": {"N2O5": {"qty": 1}, "H2O": {"qty": 1}}, "products": {"HNO3": {"yield": 2}, "irr__18": {"yield": 1}}}, {"type": "ARRHENIUS", "A": 1.8e-39, "Ea": 0, "B": 0, "D": 300, "E": 0, "reactants": {"N2O5": {"qty": 1}, "H2O": {"qty": 2}}, "products": {"HNO3": {"yield": 2}, "irr__19": {"yield": 1}}}, {"type": "TROE", "k0_A": 0.001, "k0_B": -3.5, "k0_C": -11000, "kinf_A": 970000000000000, "kinf_B": 0.1, "kinf_C": -11080, "Fc": 0.45, "N": 1, "reactants": {"N2O5": {"qty": 1}}, "products": {"NO3": {"yield": 1}, "NO2": {"yield": 1}, "irr__20": {"yield": 1}}}, {"type": "ARRHENIUS", "A": 3.3e-39, "Ea": 0, "B": 0, "D": 300, "E": 0, "reactants": {"NO": {"qty": 2}, "O2": {"qty": 1}}, "products": {"NO2": {"yield": 2}, "irr__21": {"yield": 1}}}, {"type": "ARRHENIUS", "A": 5e-40, "Ea": 0, "B": 0, "D": 300, "E": 0, "reactants": {"NO": {"qty": 1}, "NO2": {"qty": 1}, "H2O": {"qty": 1}}, "products": {"HONO": {"yield": 2}, "irr__22": {"yield": 1}}}, {"type": "TROE", "k0_A": 7e-31, "k0_B": -2.6, "k0_C": 0, "kinf_A": 3.6e-11, "kinf_B": -0.1, "kinf_C": 0, "Fc": 0.6, "N": 1, "reactants": {"NO": {"qty": 1}, "OH": {"qty": 1}}, "products": {"HONO": {"yield": 1}, "irr__23": {"yield": 1}}}, {"type": "PHOTOLYSIS", "scaling_factor": 1, "MUSICA name": "HONO", "reactants": {"HONO": {}}, "products": {"NO": {"yield": 1}, "OH": {"yield": 1}, "irr__24": {"yield": 1}}}, {"type": "ARRHENIUS", "A": 1.8e-11, "Ea": 0, "B": 0, "D": 300, "E": 0, "reactants": {"OH": {"qty": 1}, "HONO": {"qty": 1}}, "products": {"NO2": {"yield": 1}, "irr__25": {"yield": 1}}}, {"type": "ARRHENIUS", "A": 1e-20, "Ea": 0, "B": 0, "D": 300, "E": 0, "reactants": {"HONO": {"qty": 2}}, "products": {"NO": {"yield": 1}, "NO2": {"yield": 1}, "irr__26": {"yield": 1}}}, {"type": "TROE", "k0_A": 2e-30, "k0_B": -3, "k0_C": 0, "kinf_A": 2.5e-11, "kinf_B": 0, "kinf_C": 0, "Fc": 0.6, "N": 1, "reactants": {"NO2": {"qty": 1}, "OH": {"qty": 1}}, "products": {"HNO3": {"yield": 1}, "irr__27": {"yield": 1}}}, {"type": "ARRHENIUS", "A": 2.4e-14, "Ea": 0, "B": 0, "D": 300, "E": 0, "reactants": {"OH": {"qty": 1}, "HNO3": {"qty": 1}}, "products": {"NO3": {"yield": 1}, "irr__28": {"yield": 1}}}, {"type": "TROE", "k0_A": 6.5e-34, "k0_B": 0, "k0_C": 1335, "kinf_A": 2.7e-17, "kinf_B": 0, "kinf_C": 2199, "Fc": 1, "N": 1, "reactants": {"OH": {"qty": 1}, "HNO3": {"qty": 1}}, "products": {"NO3": {"yield": 1}, "irr__29": {"yield": 1}}}, {"type": "ARRHENIUS", "A": 3.5e-12, "Ea": 0, "B": 0, "D": 300, "E": 0, "reactants": {"HO2": {"qty": 1}, "NO": {"qty": 1}}, "products": {"OH": {"yield": 1}, "NO2": {"yield": 1}, "irr__30": {"yield": 1}}}, {"type": "TROE", "k0_A": 1.8e-31, "k0_B": -3.2, "k0_C": 0, "kinf_A": 4.7e-12, "kinf_B": 0, "kinf_C": 0, "Fc": 0.6, "N": 1, "reactants": {"HO2": {"qty": 1}, "NO2": {"qty": 1}}, "products": {"PNA": {"yield": 1}, "irr__31": {"yield": 1}}}, {"type": "TROE", "k0_A": 4.1e-05, "k0_B": 0, "k0_C": -10650, "kinf_A": 4800000000000000, "kinf_B": 0, "kinf_C": -11170, "Fc": 0.6, "N": 1, "reactants": {"PNA": {"qty": 1}}, "products": {"HO2": {"yield": 1}, "NO2": {"yield": 1}, "irr__32": {"yield": 1}}}, {"type": "ARRHENIUS", "A": 1.3e-12, "Ea": 0, "B": 0, "D": 300, "E": 0, "reactants": {"OH": {"qty": 1}, "PNA": {"qty": 1}}, "products": {"NO2": {"yield": 1}, "irr__33": {"yield": 1}}}, {"type": "ARRHENIUS", "A": 2.3e-13, "Ea": 0, "B": 0, "D": 300, "E": 0, "reactants": {"HO2": {"qty": 2}}, "products": {"H2O2": {"yield": 1}, "irr__34": {"yield": 1}}}, {"type": "ARRHENIUS", "A": 1.7e-33, "Ea": 0, "B": 0, "D": 300, "E": 0, "reactants": {"HO2": {"qty": 2}, "M": {"qty": 1}}, "products": {"H2O2": {"yield": 1}, "irr__35": {"yield": 1}}}, {"type": "ARRHENIUS", "A": 3.22e-34, "Ea": 0, "B": 0, "D": 300, "E": 0, "reactants": {"HO2": {"qty": 2}, "H2O": {"qty": 1}}, "products": {"H2O2": {"yield": 1}, "irr__36": {"yield": 1}}}, {"type": "ARRHENIUS", "A": 2.38e-54, "Ea": 0, "B": 0, "D": 300, "E": 0, "reactants": {"HO2": {"qty": 2}, "H2O": {"qty": 1}, "M": {"qty": 1}}, "products": {"H2O2": {"yield": 1}, "irr__37": {"yield": 1}}}, {"type": "PHOTOLYSIS", "scaling_factor": 1, "MUSICA name": "H2O2", "reactants": {"H2O2": {}}, "products": {"OH": {"yield": 2}, "irr__38": {"yield": 1}}}, {"type": "ARRHENIUS", "A": 2.9e-12, "Ea": 0, "B": 0, "D": 300, "E": 0, "reactants": {"OH": {"qty": 1}, "H2O2": {"qty": 1}}, "products": {"HO2": {"yield": 1}, "irr__39": {"yield": 1}}}, {"type": "ARRHENIUS", "A": 1.1e-10, "Ea": 0, "B": 0, "D": 300, "E": 0, "reactants": {"O1D": {"qty": 1}, "H2": {"qty": 1}}, "products": {"OH": {"yield": 1}, "HO2": {"yield": 1}, "irr__40": {"yield": 1}}}, {"type": "ARRHENIUS", "A": 5.5e-12, "Ea": 0, "B": 0, "D": 300, "E": 0, "reactants": {"OH": {"qty": 1}, "H2": {"qty": 1}}, "products": {"HO2": {"yield": 1}, "irr__41": {"yield": 1}}}, {"type": "ARRHENIUS", "A": 2.2e-11, "Ea": 0, "B": 0, "D": 300, "E": 0, "reactants": {"OH": {"qty": 1}, "O": {"qty": 1}}, "products": {"HO2": {"yield": 1}, "irr__42": {"yield": 1}}}, {"type": "ARRHENIUS", "A": 4.2e-12, "Ea": 0, "B": 0, "D": 300, "E": 0, "reactants": {"OH": {"qty": 2}}, "products": {"O": {"yield": 1}, "irr__43": {"yield": 1}}}, {"type": "TROE", "k0_A": 6.9e-31, "k0_B": -1, "k0_C": 0, "kinf_A": 2.6e-11, "kinf_B": 0, "kinf_C": 0, "Fc": 0.6, "N": 1, "reactants": {"OH": {"qty": 2}}, "products": {"H2O2": {"yield": 1}, "irr__44": {"yield": 1}}}, {"type": "ARRHENIUS", "A": 4.8e-11, "Ea": 0, "B": 0, "D": 300, "E": 0, "reactants": {"OH": {"qty": 1}, "HO2": {"qty": 1}}, "products": {"irr__45": {"yield": 1}}}, {"type": "ARRHENIUS", "A": 3e-11, "Ea": 0, "B": 0, "D": 300, "E": 0, "reactants": {"HO2": {"qty": 1}, "O": {"qty": 1}}, "products": {"OH": {"yield": 1}, "irr__46": {"yield": 1}}}, {"type": "ARRHENIUS", "A": 1.4e-12, "Ea": 0, "B": 0, "D": 300, "E": 0, "reactants": {"H2O2": {"qty": 1}, "O": {"qty": 1}}, "products": {"OH": {"yield": 1}, "HO2": {"yield": 1}, "irr__47": {"yield": 1}}}, {"type": "ARRHENIUS", "A": 1e-11, "Ea": 0, "B": 0, "D": 300, "E": 0, "reactants": {"NO3": {"qty": 1}, "O": {"qty": 1}}, "products": {"NO2": {"yield": 1}, "irr__48": {"yield": 1}}}, {"type": "ARRHENIUS", "A": 2.2e-11, "Ea": 0, "B": 0, "D": 300, "E": 0, "reactants": {"NO3": {"qty": 1}, "OH": {"qty": 1}}, "products": {"HO2": {"yield": 1}, "NO2": {"yield": 1}, "irr__49": {"yield": 1}}}, {"type": "ARRHENIUS", "A": 3.5e-12, "Ea": 0, "B": 0, "D": 300, "E": 0, "reactants": {"NO3": {"qty": 1}, "HO2": {"qty": 1}}, "products": {"HNO3": {"yield": 1}, "irr__50": {"yield": 1}}}, {"type": "ARRHENIUS", "A": 1e-17, "Ea": 0, "B": 0, "D": 300, "E": 0, "reactants": {"NO3": {"qty": 1}, "O3": {"qty": 1}}, "products": {"NO2": {"yield": 1}, "irr__51": {"yield": 1}}}, {"type": "ARRHENIUS", "A": 8.5e-13, "Ea": 0, "B": 0, "D": 300, "E": 0, "reactants": {"NO3": {"qty": 2}}, "products": {"NO2": {"yield": 2}, "irr__52": {"yield": 1}}}, {"type": "PHOTOLYSIS", "scaling_factor": 1, "MUSICA name": "PNA", "reactants": {"PNA": {}}, "products": {"HO2": {"yield": 0.61}, "NO2": {"yield": 0.61}, "OH": {"yield": 0.39}, "NO3": {"yield": 0.39}, "irr__53": {"yield": 1}}}, {"type": "PHOTOLYSIS", "scaling_factor": 1, "MUSICA name": "HNO3", "reactants": {"HNO3": {}}, "products": {"OH": {"yield": 1}, "NO2": {"yield": 1}, "irr__54": {"yield": 1}}}, {"type": "PHOTOLYSIS", "scaling_factor": 1, "MUSICA name": "N2O5", "reactants": {"N2O5": {}}, "products": {"NO2": {"yield": 1}, "NO3": {"yield": 1}, "irr__55": {"yield": 1}}}, {"type": "ARRHENIUS", "A": 2.6e-12, "Ea": 0, "B": 0, "D": 300, "E": 0, "reactants": {"XO2": {"qty": 1}, "NO": {"qty": 1}}, "products": {"NO2": {"yield": 1}, "irr__56": {"yield": 1}}}, {"type": "ARRHENIUS", "A": 2.6e-12, "Ea": 0, "B": 0, "D": 300, "E": 0, "reactants": {"XO2N": {"qty": 1}, "NO": {"qty": 1}}, "products": {"NTR": {"yield": 1}, "irr__57": {"yield": 1}}}, {"type": "ARRHENIUS", "A": 7.5e-13, "Ea": 0, "B": 0, "D": 300, "E": 0, "reactants": {"XO2": {"qty": 1}, "HO2": {"qty": 1}}, "products": {"ROOH": {"yield": 1}, "irr__58": {"yield": 1}}}, {"type": "ARRHENIUS", "A": 7.5e-13, "Ea": 0, "B": 0, "D": 300, "E": 0, "reactants": {"XO2N": {"qty": 1}, "HO2": {"qty": 1}}, "products": {"ROOH": {"yield": 1}, "irr__59": {"yield": 1}}}, {"type": "ARRHENIUS", "A": 6.8e-14, "Ea": 0, "B": 0, "D": 300, "E": 0, "reactants": {"XO2": {"qty": 2}}, "products": {"irr__60": {"yield": 1}}}, {"type": "ARRHENIUS", "A": 6.8e-14, "Ea": 0, "B": 0, "D": 300, "E": 0, "reactants": {"XO2N": {"qty": 2}}, "products": {"irr__61": {"yield": 1}}}, {"type": "ARRHENIUS", "A": 6.8e-14, "Ea": 0, "B": 0, "D": 300, "E": 0, "reactants": {"XO2": {"qty": 1}, "XO2N": {"qty": 1}}, "products": {"irr__62": {"yield": 1}}}, {"type": "ARRHENIUS", "A": 5.9e-13, "Ea": 0, "B": 0, "D": 300, "E": 0, "reactants": {"NTR": {"qty": 1}, "OH": {"qty": 1}}, "products": {"HNO3": {"yield": 1}, "HO2": {"yield": 1}, "FORM": {"yield": 0.33}, "ALD2": {"yield": 0.33}, "ALDX": {"yield": 0.33}, "PAR": {"yield": -0.66}, "irr__63": {"yield": 1}}}, {"type": "PHOTOLYSIS", "scaling_factor": 1, "MUSICA name": "NTR", "reactants": {"NTR": {}}, "products": {"NO2": {"yield": 1}, "HO2": {"yield": 1}, "FORM": {"yield": 0.33}, "ALD2": {"yield": 0.33}, "ALDX": {"yield": 0.33}, "PAR": {"yield": -0.66}, "irr__64": {"yield": 1}}}, {"type": "ARRHENIUS", "A": 3.01e-12, "Ea": 0, "B": 0, "D": 300, "E": 0, "reactants": {"ROOH": {"qty": 1}, "OH": {"qty": 1}}, "products": {"XO2": {"yield": 1}, "ALD2": {"yield": 0.5}, "ALDX": {"yield": 0.5}, "irr__65": {"yield": 1}}}, {"type": "PHOTOLYSIS", "scaling_factor": 1, "MUSICA name": "ROOH", "reactants": {"ROOH": {}}, "products": {"OH": {"yield": 1}, "HO2": {"yield": 1}, "ALD2": {"yield": 0.5}, "ALDX": {"yield": 0.5}, "irr__66": {"yield": 1}}}, {"type": "ARRHENIUS", "A": 1.44e-13, "Ea": 0, "B": 0, "D": 300, "E": 0, "reactants": {"OH": {"qty": 1}, "CO": {"qty": 1}}, "products": {"HO2": {"yield": 1}, "irr__67": {"yield": 1}}}, {"type": "ARRHENIUS", "A": 3.43e-33, "Ea": 0, "B": 0, "D": 300, "E": 0, "reactants": {"OH": {"qty": 1}, "CO": {"qty": 1}, "M": {"qty": 1}}, "products": {"HO2": {"yield": 1}, "irr__68": {"yield": 1}}}, {"type": "ARRHENIUS", "A": 2.45e-12, "Ea": 0, "B": 0, "D": 300, "E": 0, "reactants": {"OH": {"qty": 1}, "CH4": {"qty": 1}}, "products": {"MEO2": {"yield": 1}, "irr__69": {"yield": 1}}}, {"type": "ARRHENIUS", "A": 2.8e-12, "Ea": 0, "B": 0, "D": 300, "E": 0, "reactants": {"MEO2": {"qty": 1}, "NO": {"qty": 1}}, "products": {"FORM": {"yield": 1}, "HO2": {"yield": 1}, "NO2": {"yield": 1}, "irr__70": {"yield": 1}}}, {"type": "ARRHENIUS", "A": 4.1e-13, "Ea": 0, "B": 0, "D": 300, "E": 0, "reactants": {"MEO2": {"qty": 1}, "HO2": {"qty": 1}}, "products": {"MEPX": {"yield": 1}, "irr__71": {"yield": 1}}}, {"type": "ARRHENIUS", "A": 9.5e-14, "Ea": 0, "B": 0, "D": 300, "E": 0, "reactants": {"MEO2": {"qty": 2}}, "products": {"FORM": {"yield": 1.37}, "HO2": {"yield": 0.74}, "MEOH": {"yield": 0.63}, "irr__72": {"yield": 1}}}, {"type": "ARRHENIUS", "A": 3.8e-12, "Ea": 0, "B": 0, "D": 300, "E": 0, "reactants": {"MEPX": {"qty": 1}, "OH": {"qty": 1}}, "products": {"MEO2": {"yield": 0.7}, "XO2": {"yield": 0.3}, "HO2": {"yield": 0.3}, "irr__73": {"yield": 1}}}, {"type": "PHOTOLYSIS", "scaling_factor": 1, "MUSICA name": "MEPX", "reactants": {"MEPX": {}}, "products": {"FORM": {"yield": 1}, "HO2": {"yield": 1}, "OH": {"yield": 1}, "irr__74": {"yield": 1}}}, {"type": "ARRHENIUS", "A": 7.3e-12, "Ea": 0, "B": 0, "D": 300, "E": 0, "reactants": {"MEOH": {"qty": 1}, "OH": {"qty": 1}}, "products": {"FORM": {"yield": 1}, "HO2": {"yield": 1}, "irr__75": {"yield": 1}}}, {"type": "ARRHENIUS", "A": 9e-12, "Ea": 0, "B": 0, "D": 300, "E": 0, "reactants": {"FORM": {"qty": 1}, "OH": {"qty": 1}}, "products": {"HO2": {"yield": 1}, "CO": {"yield": 1}, "irr__76": {"yield": 1}}}, {"type": "PHOTOLYSIS", "scaling_factor": 1, "MUSICA name": "FORM->HO2", "reactants": {"FORM": {}}, "products": {"HO2": {"yield": 2}, "CO": {"yield": 1}, "irr__77": {"yield": 1}}}, {"type": "PHOTOLYSIS", "scaling_factor": 1, "MUSICA name": "FORM->CO", "reactants": {"FORM": {}}, "products": {"CO": {"yield": 1}, "irr__78": {"yield": 1}}}, {"type": "ARRHENIUS", "A": 3.4e-11, "Ea": 0, "B": 0, "D": 300, "E": 0, "reactants": {"FORM": {"qty": 1}, "O": {"qty": 1}}, "products": {"OH": {"yield": 1}, "HO2": {"yield": 1}, "CO": {"yield": 1}, "irr__79": {"yield": 1}}}, {"type": "ARRHENIUS", "A": 5.8e-16, "Ea": 0, "B": 0, "D": 300, "E": 0, "reactants": {"FORM": {"qty": 1}, "NO3": {"qty": 1}}, "products": {"HNO3": {"yield": 1}, "HO2": {"yield": 1}, "CO": {"yield": 1}, "irr__80": {"yield": 1}}}, {"type": "ARRHENIUS", "A": 9.7e-15, "Ea": 0, "B": 0, "D": 300, "E": 0, "reactants": {"FORM": {"qty": 1}, "HO2": {"qty": 1}}, "products": {"HCO3": {"yield": 1}, "irr__81": {"yield": 1}}}, {"type": "ARRHENIUS", "A": 2400000000000, "Ea": 0, "B": 0, "D": 300, "E": 0, "reactants": {"HCO3": {"qty": 1}}, "products": {"FORM": {"yield": 1}, "HO2": {"yield": 1}, "irr__82": {"yield": 1}}}, {"type": "ARRHENIUS", "A": 5.6e-12, "Ea": 0, "B": 0, "D": 300, "E": 0, "reactants": {"HCO3": {"qty": 1}, "NO": {"qty": 1}}, "products": {"FACD": {"yield": 1}, "NO2": {"yield": 1}, "HO2": {"yield": 1}, "irr__83": {"yield": 1}}}, {"type": "ARRHENIUS", "A": 5.6e-15, "Ea": 0, "B": 0, "D": 300, "E": 0, "reactants": {"HCO3": {"qty": 1}, "HO2": {"qty": 1}}, "products": {"MEPX": {"yield": 1}, "irr__84": {"yield": 1}}}, {"type": "ARRHENIUS", "A": 4e-13, "Ea": 0, "B": 0, "D": 300, "E": 0, "reactants": {"FACD": {"qty": 1}, "OH": {"qty": 1}}, "products": {"HO2": {"yield": 1}, "irr__85": {"yield": 1}}}, {"type": "ARRHENIUS", "A": 1.8e-11, "Ea": 0, "B": 0, "D": 300, "E": 0, "reactants": {"ALD2": {"qty": 1}, "O": {"qty": 1}}, "products": {"C2O3": {"yield": 1}, "OH": {"yield": 1}, "irr__86": {"yield": 1}}}, {"type": "ARRHENIUS", "A": 5.6e-12, "Ea": 0, "B": 0, "D": 300, "E": 0, "reactants": {"ALD2": {"qty": 1}, "OH": {"qty": 1}}, "products": {"C2O3": {"yield": 1}, "irr__87": {"yield": 1}}}, {"type": "ARRHENIUS", "A": 1.4e-12, "Ea": 0, "B": 0, "D": 300, "E": 0, "reactants": {"ALD2": {"qty": 1}, "NO3": {"qty": 1}}, "products": {"C2O3": {"yield": 1}, "HNO3": {"yield": 1}, "irr__88": {"yield": 1}}}, {"type": "PHOTOLYSIS", "scaling_factor": 1, "MUSICA name": "ALD2", "reactants": {"ALD2": {}}, "products": {"MEO2": {"yield": 1}, "CO": {"yield": 1}, "HO2": {"yield": 1}, "irr__89": {"yield": 1}}}, {"type": "ARRHENIUS", "A": 8.1e-12, "Ea": 0, "B": 0, "D": 300, "E": 0, "reactants": {"C2O3": {"qty": 1}, "NO": {"qty": 1}}, "products": {"MEO2": {"yield": 1}, "NO2": {"yield": 1}, "irr__90": {"yield": 1}}}, {"type": "TROE", "k0_A": 2.7e-28, "k0_B": -7.1, "k0_C": 0, "kinf_A": 1.2e-11, "kinf_B": -0.9, "kinf_C": 0, "Fc": 0.3, "N": 1, "reactants": {"C2O3": {"qty": 1}, "NO2": {"qty": 1}}, "products": {"PAN": {"yield": 1}, "irr__91": {"yield": 1}}}, {"type": "TROE", "k0_A": 0.0049, "k0_B": 0, "k0_C": -12100, "kinf_A": 54000000000000000, "kinf_B": 0, "kinf_C": -13830, "Fc": 0.3, "N": 1, "reactants": {"PAN": {"qty": 1}}, "products": {"C2O3": {"yield": 1}, "NO2": {"yield": 1}, "irr__92": {"yield": 1}}}, {"type": "PHOTOLYSIS", "scaling_factor": 1, "MUSICA name": "PAN", "reactants": {"PAN": {}}, "products": {"C2O3": {"yield": 1}, "NO2": {"yield": 1}, "irr__93": {"yield": 1}}}, {"type": "ARRHENIUS", "A": 4.3e-13, "Ea": 0, "B": 0, "D": 300, "E": 0, "reactants": {"C2O3": {"qty": 1}, "HO2": {"qty": 1}}, "products": {"PACD": {"yield": 0.8}, "AACD": {"yield": 0.2}, "O3": {"yield": 0.2}, "irr__94": {"yield": 1}}}, {"type": "ARRHENIUS", "A": 2e-12, "Ea": 0, "B": 0, "D": 300, "E": 0, "reactants": {"C2O3": {"qty": 1}, "MEO2": {"qty": 1}}, "products": {"MEO2": {"yield": 0.9}, "HO2": {"yield": 0.9}, "FORM": {"yield": 1}, "AACD": {"yield": 0.1}, "irr__95": {"yield": 1}}}, {"type": "ARRHENIUS", "A": 4.4e-13, "Ea": 0, "B": 0, "D": 300, "E": 0, "reactants": {"C2O3": {"qty": 1}, "XO2": {"qty": 1}}, "products": {"MEO2": {"yield": 0.9}, "AACD": {"yield": 0.1}, "irr__96": {"yield": 1}}}, {"type": "ARRHENIUS", "A": 2.9e-12, "Ea": 0, "B": 0, "D": 300, "E": 0, "reactants": {"C2O3": {"qty": 2}}, "products": {"MEO2": {"yield": 2}, "irr__97": {"yield": 1}}}, {"type": "ARRHENIUS", "A": 4e-13, "Ea": 0, "B": 0, "D": 300, "E": 0, "reactants": {"PACD": {"qty": 1}, "OH": {"qty": 1}}, "products": {"C2O3": {"yield": 1}, "irr__98": {"yield": 1}}}, {"type": "PHOTOLYSIS", "scaling_factor": 1, "MUSICA name": "PACD", "reactants": {"PACD": {}}, "products": {"MEO2": {"yield": 1}, "OH": {"yield": 1}, "irr__99": {"yield": 1}}}, {"type": "ARRHENIUS", "A": 4e-13, "Ea": 0, "B": 0, "D": 300, "E": 0, "reactants": {"AACD": {"qty": 1}, "OH": {"qty": 1}}, "products": {"MEO2": {"yield": 1}, "irr__100": {"yield": 1}}}, {"type": "ARRHENIUS", "A": 1.3e-11, "Ea": 0, "B": 0, "D": 300, "E": 0, "reactants": {"ALDX": {"qty": 1}, "O": {"qty": 1}}, "products": {"CXO3": {"yield": 1}, "OH": {"yield": 1}, "irr__101": {"yield": 1}}}, {"type": "ARRHENIUS", "A": 5.1e-12, "Ea": 0, "B": 0, "D": 300, "E": 0, "reactants": {"ALDX": {"qty": 1}, "OH": {"qty": 1}}, "products": {"CXO3": {"yield": 1}, "irr__102": {"yield": 1}}}, {"type": "ARRHENIUS", "A": 6.5e-15, "Ea": 0, "B": 0, "D": 300, "E": 0, "reactants": {"ALDX": {"qty": 1}, "NO3": {"qty": 1}}, "products": {"CXO3": {"yield": 1}, "HNO3": {"yield": 1}, "irr__103": {"yield": 1}}}, {"type": "PHOTOLYSIS", "scaling_factor": 1, "MUSICA name": "ALDX", "reactants": {"ALDX": {}}, "products": {"MEO2": {"yield": 1}, "CO": {"yield": 1}, "HO2": {"yield": 1}, "irr__104": {"yield": 1}}}, {"type": "ARRHENIUS", "A": 6.7e-12, "Ea": 0, "B": 0, "D": 300, "E": 0, "reactants": {"CXO3": {"qty": 1}, "NO": {"qty": 1}}, "products": {"ALD2": {"yield": 1}, "NO2": {"yield": 1}, "HO2": {"yield": 1}, "XO2": {"yield": 1}, "irr__105": {"yield": 1}}}, {"type": "TROE", "k0_A": 2.7e-28, "k0_B": -7.1, "k0_C": 0, "kinf_A": 1.2e-11, "kinf_B": -0.9, "kinf_C": 0, "Fc": 0.3, "N": 1, "reactants": {"CXO3": {"qty": 1}, "NO2": {"qty": 1}}, "products": {"PANX": {"yield": 1}, "irr__106": {"yield": 1}}}, {"type": "TROE", "k0_A": 0.0049, "k0_B": 0, "k0_C": -12100, "kinf_A": 54000000000000000, "kinf_B": 0, "kinf_C": -13830, "Fc": 0.3, "N": 1, "reactants": {"PANX": {"qty": 1}}, "products": {"CXO3": {"yield": 1}, "NO2": {"yield": 1}, "irr__107": {"yield": 1}}}, {"type": "PHOTOLYSIS", "scaling_factor": 1, "MUSICA name": "PANX", "reactants": {"PANX": {}}, "products": {"CXO3": {"yield": 1}, "NO2": {"yield": 1}, "irr__108": {"yield": 1}}}, {"type": "ARRHENIUS", "A": 3e-13, "Ea": 0, "B": 0, "D": 300, "E": 0, "reactants": {"PANX": {"qty": 1}, "OH": {"qty": 1}}, "products": {"ALD2": {"yield": 1}, "NO2": {"yield": 1}, "irr__109": {"yield": 1}}}, {"type": "ARRHENIUS", "A": 4.3e-13, "Ea": 0, "B": 0, "D": 300, "E": 0, "reactants": {"CXO3": {"qty": 1}, "HO2": {"qty": 1}}, "products": {"PACD": {"yield": 0.8}, "AACD": {"yield": 0.2}, "O3": {"yield": 0.2}, "irr__110": {"yield": 1}}}, {"type": "ARRHENIUS", "A": 2e-12, "Ea": 0, "B": 0, "D": 300, "E": 0, "reactants": {"CXO3": {"qty": 1}, "MEO2": {"qty": 1}}, "products": {"ALD2": {"yield": 0.9}, "XO2": {"yield": 0.9}, "HO2": {"yield": 1}, "AACD": {"yield": 0.1}, "FORM": {"yield": 0.1}, "irr__111": {"yield": 1}}}, {"type": "ARRHENIUS", "A": 4.4e-13, "Ea": 0, "B": 0, "D": 300, "E": 0, "reactants": {"CXO3": {"qty": 1}, "XO2": {"qty": 1}}, "products": {"ALD2": {"yield": 0.9}, "AACD": {"yield": 0.1}, "irr__112": {"yield": 1}}}, {"type": "ARRHENIUS", "A": 2.9e-12, "Ea": 0, "B": 0, "D": 300, "E": 0, "reactants": {"CXO3": {"qty": 2}}, "products": {"ALD2": {"yield": 2}, "XO2": {"yield": 2}, "HO2": {"yield": 2}, "irr__113": {"yield": 1}}}, {"type": "ARRHENIUS", "A": 2.9e-12, "Ea": 0, "B": 0, "D": 300, "E": 0, "reactants": {"CXO3": {"qty": 1}, "C2O3": {"qty": 1}}, "products": {"MEO2": {"yield": 1}, "XO2": {"yield": 1}, "HO2": {"yield": 1}, "ALD2": {"yield": 1}, "irr__114": {"yield": 1}}}, {"type": "ARRHENIUS", "A": 8.1e-13, "Ea": 0, "B": 0, "D": 300, "E": 0, "reactants": {"PAR": {"qty": 1}, "OH": {"qty": 1}}, "products": {"XO2": {"yield": 0.87}, "XO2N": {"yield": 0.13}, "HO2": {"yield": 0.11}, "ALD2": {"yield": 0.06}, "PAR": {"yield": -0.11}, "ROR": {"yield": 0.76}, "ALDX": {"yield": 0.05}, "irr__115": {"yield": 1}}}, {"type": "ARRHENIUS", "A": 1000000000000000, "Ea": 0, "B": 0, "D": 300, "E": 0, "reactants": {"ROR": {"qty": 1}}, "products": {"XO2": {"yield": 0.96}, "ALD2": {"yield": 0.6}, "HO2": {"yield": 0.94}, "PAR": {"yield": -2.1}, "XO2N": {"yield": 0.04}, "ROR": {"yield": 0.02}, "ALDX": {"yield": 0.5}, "irr__116": {"yield": 1}}}, {"type": "ARRHENIUS", "A": 1600, "Ea": 0, "B": 0, "D": 300, "E": 0, "reactants": {"ROR": {"qty": 1}}, "products": {"HO2": {"yield": 1}, "irr__117": {"yield": 1}}}, {"type": "ARRHENIUS", "A": 1.5e-11, "Ea": 0, "B": 0, "D": 300, "E": 0, "reactants": {"ROR": {"qty": 1}, "NO2": {"qty": 1}}, "products": {"NTR": {"yield": 1}, "irr__118": {"yield": 1}}}, {"type": "ARRHENIUS", "A": 1e-11, "Ea": 0, "B": 0, "D": 300, "E": 0, "reactants": {"O": {"qty": 1}, "OLE": {"qty": 1}}, "products": {"ALD2": {"yield": 0.2}, "ALDX": {"yield": 0.3}, "HO2": {"yield": 0.3}, "XO2": {"yield": 0.2}, "CO": {"yield": 0.2}, "FORM": {"yield": 0.2}, "XO2N": {"yield": 0.01}, "PAR": {"yield": 0.2}, "OH": {"yield": 0.1}, "irr__119": {"yield": 1}}}, {"type": "ARRHENIUS", "A": 3.2e-11, "Ea": 0, "B": 0, "D": 300, "E": 0, "reactants": {"OH": {"qty": 1}, "OLE": {"qty": 1}}, "products": {"FORM": {"yield": 0.8}, "ALD2": {"yield": 0.33}, "ALDX": {"yield": 0.62}, "XO2": {"yield": 0.8}, "HO2": {"yield": 0.95}, "PAR": {"yield": -0.7}, "irr__120": {"yield": 1}}}, {"type": "ARRHENIUS", "A": 6.5e-15, "Ea": 0, "B": 0, "D": 300, "E": 0, "reactants": {"O3": {"qty": 1}, "OLE": {"qty": 1}}, "products": {"ALD2": {"yield": 0.18}, "FORM": {"yield": 0.74}, "ALDX": {"yield": 0.32}, "XO2": {"yield": 0.22}, "OH": {"yield": 0.1}, "CO": {"yield": 0.33}, "HO2": {"yield": 0.44}, "PAR": {"yield": -1}, "irr__121": {"yield": 1}}}, {"type": "ARRHENIUS", "A": 7e-13, "Ea": 0, "B": 0, "D": 300, "E": 0, "reactants": {"NO3": {"qty": 1}, "OLE": {"qty": 1}}, "products": {"NO2": {"yield": 1}, "FORM": {"yield": 1}, "XO2": {"yield": 0.91}, "XO2N": {"yield": 0.09}, "ALDX": {"yield": 0.56}, "ALD2": {"yield": 0.35}, "PAR": {"yield": -1}, "irr__122": {"yield": 1}}}, {"type": "ARRHENIUS", "A": 1.04e-11, "Ea": 0, "B": 0, "D": 300, "E": 0, "reactants": {"O": {"qty": 1}, "ETH": {"qty": 1}}, "products": {"FORM": {"yield": 1}, "HO2": {"yield": 1.7}, "CO": {"yield": 1}, "XO2": {"yield": 0.7}, "OH": {"yield": 0.3}, "irr__123": {"yield": 1}}}, {"type": "TROE", "k0_A": 1e-28, "k0_B": -0.8, "k0_C": 0, "kinf_A": 8.8e-12, "kinf_B": 0, "kinf_C": 0, "Fc": 0.6, "N": 1, "reactants": {"OH": {"qty": 1}, "ETH": {"qty": 1}}, "products": {"XO2": {"yield": 1}, "FORM": {"yield": 1.56}, "ALDX": {"yield": 0.22}, "HO2": {"yield": 1}, "irr__124": {"yield": 1}}}, {"type": "ARRHENIUS", "A": 1.2e-14, "Ea": 0, "B": 0, "D": 300, "E": 0, "reactants": {"O3": {"qty": 1}, "ETH": {"qty": 1}}, "products": {"FORM": {"yield": 1}, "CO": {"yield": 0.63}, "HO2": {"yield": 0.13}, "OH": {"yield": 0.13}, "FACD": {"yield": 0.37}, "irr__125": {"yield": 1}}}, {"type": "ARRHENIUS", "A": 3.3e-12, "Ea": 0, "B": 0, "D": 300, "E": 0, "reactants": {"NO3": {"qty": 1}, "ETH": {"qty": 1}}, "products": {"NO2": {"yield": 1}, "XO2": {"yield": 1}, "FORM": {"yield": 2}, "irr__126": {"yield": 1}}}, {"type": "ARRHENIUS", "A": 2.3e-11, "Ea": 0, "B": 0, "D": 300, "E": 0, "reactants": {"IOLE": {"qty": 1}, "O": {"qty": 1}}, "products": {"ALD2": {"yield": 1.24}, "ALDX": {"yield": 0.66}, "HO2": {"yield": 0.1}, "XO2": {"yield": 0.1}, "CO": {"yield": 0.1}, "PAR": {"yield": 0.1}, "irr__127": {"yield": 1}}}, {"type": "ARRHENIUS", "A": 1e-11, "Ea": 0, "B": 0, "D": 300, "E": 0, "reactants": {"IOLE": {"qty": 1}, "OH": {"qty": 1}}, "products": {"ALD2": {"yield": 1.3}, "ALDX": {"yield": 0.7}, "HO2": {"yield": 1}, "XO2": {"yield": 1}, "irr__128": {"yield": 1}}}, {"type": "ARRHENIUS", "A": 8.4e-15, "Ea": 0, "B": 0, "D": 300, "E": 0, "reactants": {"IOLE": {"qty": 1}, "O3": {"qty": 1}}, "products": {"ALD2": {"yield": 0.65}, "ALDX": {"yield": 0.35}, "FORM": {"yield": 0.25}, "CO": {"yield": 0.25}, "O": {"yield": 0.5}, "OH": {"yield": 0.5}, "HO2": {"yield": 0.5}, "irr__129": {"yield": 1}}}, {"type": "ARRHENIUS", "A": 9.6e-13, "Ea": 0, "B": 0, "D": 300, "E": 0, "reactants": {"IOLE": {"qty": 1}, "NO3": {"qty": 1}}, "products": {"ALD2": {"yield": 1.18}, "ALDX": {"yield": 0.64}, "HO2": {"yield": 1}, "NO2": {"yield": 1}, "irr__130": {"yield": 1}}}, {"type": "ARRHENIUS", "A": 1.8e-12, "Ea": 0, "B": 0, "D": 300, "E": 0, "reactants": {"TOL": {"qty": 1}, "OH": {"qty": 1}}, "products": {"HO2": {"yield": 0.44}, "XO2": {"yield": 0.08}, "CRES": {"yield": 0.36}, "TO2": {"yield": 0.56}, "TOLRO2": {"yield": 0.765}, "irr__131": {"yield": 1}}}, {"type": "ARRHENIUS", "A": 8.1e-12, "Ea": 0, "B": 0, "D": 300, "E": 0, "reactants": {"TO2": {"qty": 1}, "NO": {"qty": 1}}, "products": {"NO2": {"yield": 0.9}, "HO2": {"yield": 0.9}, "OPEN": {"yield": 0.9}, "NTR": {"yield": 0.1}, "irr__132": {"yield": 1}}}, {"type": "ARRHENIUS", "A": 4.2, "Ea": 0, "B": 0, "D": 300, "E": 0, "reactants": {"TO2": {"qty": 1}}, "products": {"CRES": {"yield": 1}, "HO2": {"yield": 1}, "irr__133": {"yield": 1}}}, {"type": "ARRHENIUS", "A": 4.1e-11, "Ea": 0, "B": 0, "D": 300, "E": 0, "reactants": {"OH": {"qty": 1}, "CRES": {"qty": 1}}, "products": {"CRO": {"yield": 0.4}, "XO2": {"yield": 0.6}, "HO2": {"yield": 0.6}, "OPEN": {"yield": 0.3}, "irr__134": {"yield": 1}}}, {"type": "ARRHENIUS", "A": 2.2e-11, "Ea": 0, "B": 0, "D": 300, "E": 0, "reactants": {"CRES": {"qty": 1}, "NO3": {"qty": 1}}, "products": {"CRO": {"yield": 1}, "HNO3": {"yield": 1}, "irr__135": {"yield": 1}}}, {"type": "ARRHENIUS", "A": 1.4e-11, "Ea": 0, "B": 0, "D": 300, "E": 0, "reactants": {"CRO": {"qty": 1}, "NO2": {"qty": 1}}, "products": {"NTR": {"yield": 1}, "irr__136": {"yield": 1}}}, {"type": "ARRHENIUS", "A": 5.5e-12, "Ea": 0, "B": 0, "D": 300, "E": 0, "reactants": {"CRO": {"qty": 1}, "HO2": {"qty": 1}}, "products": {"CRES": {"yield": 1}, "irr__137": {"yield": 1}}}, {"type": "PHOTOLYSIS", "scaling_factor": 9, "MUSICA name": "OPEN", "reactants": {"OPEN": {}}, "products": {"C2O3": {"yield": 1}, "HO2": {"yield": 1}, "CO": {"yield": 1}, "irr__138": {"yield": 1}}}, {"type": "ARRHENIUS", "A": 3e-11, "Ea": 0, "B": 0, "D": 300, "E": 0, "reactants": {"OPEN": {"qty": 1}, "OH": {"qty": 1}}, "products": {"XO2": {"yield": 1}, "CO": {"yield": 2}, "HO2": {"yield": 2}, "C2O3": {"yield": 1}, "FORM": {"yield": 1}, "irr__139": {"yield": 1}}}, {"type": "ARRHENIUS", "A": 5.4e-17, "Ea": 0, "B": 0, "D": 300, "E": 0, "reactants": {"OPEN": {"qty": 1}, "O3": {"qty": 1}}, "products": {"ALDX": {"yield": 0.03}, "C2O3": {"yield": 0.62}, "FORM": {"yield": 0.7}, "XO2": {"yield": 0.03}, "CO": {"yield": 0.69}, "OH": {"yield": 0.08}, "HO2": {"yield": 0.76}, "MGLY": {"yield": 0.2}, "irr__140": {"yield": 1}}}, {"type": "ARRHENIUS", "A": 1.7e-11, "Ea": 0, "B": 0, "D": 300, "E": 0, "reactants": {"OH": {"qty": 1}, "XYL": {"qty": 1}}, "products": {"HO2": {"yield": 0.7}, "XO2": {"yield": 0.5}, "CRES": {"yield": 0.2}, "MGLY": {"yield": 0.8}, "PAR": {"yield": 1.1}, "TO2": {"yield": 0.3}, "XYLRO2": {"yield": 0.804}, "irr__141": {"yield": 1}}}, {"type": "ARRHENIUS", "A": 1.8e-11, "Ea": 0, "B": 0, "D": 300, "E": 0, "reactants": {"OH": {"qty": 1}, "MGLY": {"qty": 1}}, "products": {"XO2": {"yield": 1}, "C2O3": {"yield": 1}, "irr__142": {"yield": 1}}}, {"type": "PHOTOLYSIS", "scaling_factor": 1, "MUSICA name": "MGLY", "reactants": {"MGLY": {}}, "products": {"C2O3": {"yield": 1}, "HO2": {"yield": 1}, "CO": {"yield": 1}, "irr__143": {"yield": 1}}}, {"type": "ARRHENIUS", "A": 3.6e-11, "Ea": 0, "B": 0, "D": 300, "E": 0, "reactants": {"O": {"qty": 1}, "ISOP": {"qty": 1}}, "products": {"ISPD": {"yield": 0.75}, "FORM": {"yield": 0.5}, "XO2": {"yield": 0.25}, "HO2": {"yield": 0.25}, "CXO3": {"yield": 0.25}, "PAR": {"yield": 0.25}, "irr__144": {"yield": 1}}}, {"type": "ARRHENIUS", "A": 2.54e-11, "Ea": 0, "B": 0, "D": 300, "E": 0, "reactants": {"OH": {"qty": 1}, "ISOP": {"qty": 1}}, "products": {"ISPD": {"yield": 0.912}, "FORM": {"yield": 0.629}, "XO2": {"yield": 0.991}, "HO2": {"yield": 0.912}, "XO2N": {"yield": 0.088}, "irr__145": {"yield": 1}}}, {"type": "ARRHENIUS", "A": 7.86e-15, "Ea": 0, "B": 0, "D": 300, "E": 0, "reactants": {"O3": {"qty": 1}, "ISOP": {"qty": 1}}, "products": {"ISPD": {"yield": 0.65}, "FORM": {"yield": 0.6}, "XO2": {"yield": 0.2}, "HO2": {"yield": 0.066}, "OH": {"yield": 0.266}, "CXO3": {"yield": 0.2}, "ALDX": {"yield": 0.15}, "PAR": {"yield": 0.35}, "CO": {"yield": 0.066}, "irr__146": {"yield": 1}}}, {"type": "ARRHENIUS", "A": 3.03e-12, "Ea": 0, "B": 0, "D": 300, "E": 0, "reactants": {"NO3": {"qty": 1}, "ISOP": {"qty": 1}}, "products": {"ISPD": {"yield": 0.2}, "NTR": {"yield": 0.8}, "XO2": {"yield": 1}, "HO2": {"yield": 0.8}, "NO2": {"yield": 0.2}, "ALDX": {"yield": 0.8}, "PAR": {"yield": 2.4}, "irr__147": {"yield": 1}}}, {"type": "ARRHENIUS", "A": 3.36e-11, "Ea": 0, "B": 0, "D": 300, "E": 0, "reactants": {"OH": {"qty": 1}, "ISPD": {"qty": 1}}, "products": {"PAR": {"yield": 1.565}, "FORM": {"yield": 0.167}, "XO2": {"yield": 0.713}, "HO2": {"yield": 0.503}, "CO": {"yield": 0.334}, "MGLY": {"yield": 0.168}, "ALD2": {"yield": 0.252}, "C2O3": {"yield": 0.21}, "CXO3": {"yield": 0.25}, "ALDX": {"yield": 0.12}, "irr__148": {"yield": 1}}}, {"type": "ARRHENIUS", "A": 7.1e-18, "Ea": 0, "B": 0, "D": 300, "E": 0, "reactants": {"O3": {"qty": 1}, "ISPD": {"qty": 1}}, "products": {"C2O3": {"yield": 0.114}, "FORM": {"yield": 0.15}, "MGLY": {"yield": 0.85}, "HO2": {"yield": 0.154}, "OH": {"yield": 0.268}, "XO2": {"yield": 0.064}, "ALD2": {"yield": 0.02}, "PAR": {"yield": 0.36}, "CO": {"yield": 0.225}, "irr__149": {"yield": 1}}}, {"type": "ARRHENIUS", "A": 1e-15, "Ea": 0, "B": 0, "D": 300, "E": 0, "reactants": {"NO3": {"qty": 1}, "ISPD": {"qty": 1}}, "products": {"ALDX": {"yield": 0.357}, "FORM": {"yield": 0.282}, "PAR": {"yield": 1.282}, "HO2": {"yield": 0.925}, "CO": {"yield": 0.643}, "NTR": {"yield": 0.85}, "CXO3": {"yield": 0.075}, "XO2": {"yield": 0.075}, "HNO3": {"yield": 0.15}, "irr__150": {"yield": 1}}}, {"type": "PHOTOLYSIS", "scaling_factor": 0.0036, "MUSICA name": "ISPD", "reactants": {"ISPD": {}}, "products": {"CO": {"yield": 0.333}, "ALD2": {"yield": 0.067}, "FORM": {"yield": 0.9}, "PAR": {"yield": 0.832}, "HO2": {"yield": 1.033}, "XO2": {"yield": 0.7}, "C2O3": {"yield": 0.967}, "irr__151": {"yield": 1}}}, {"type": "ARRHENIUS", "A": 3.6e-11, "Ea": 0, "B": 0, "D": 300, "E": 0, "reactants": {"TERP": {"qty": 1}, "O": {"qty": 1}}, "products": {"ALDX": {"yield": 0.15}, "PAR": {"yield": 5.12}, "irr__152": {"yield": 1}}}, {"type": "ARRHENIUS", "A": 1.5e-11, "Ea": 0, "B": 0, "D": 300, "E": 0, "reactants": {"TERP": {"qty": 1}, "OH": {"qty": 1}}, "products": {"HO2": {"yield": 0.75}, "XO2": {"yield": 1.25}, "XO2N": {"yield": 0.25}, "FORM": {"yield": 0.28}, "PAR": {"yield": 1.66}, "ALDX": {"yield": 0.47}, "irr__153": {"yield": 1}}}, {"type": "ARRHENIUS", "A": 1.2e-15, "Ea": 0, "B": 0, "D": 300, "E": 0, "reactants": {"TERP": {"qty": 1}, "O3": {"qty": 1}}, "products": {"OH": {"yield": 0.57}, "HO2": {"yield": 0.07}, "XO2": {"yield": 0.76}, "XO2N": {"yield": 0.18}, "FORM": {"yield": 0.24}, "CO": {"yield": 0.001}, "PAR": {"yield": 7}, "ALDX": {"yield": 0.21}, "CXO3": {"yield": 0.39}, "irr__154": {"yield": 1}}}, {"type": "ARRHENIUS", "A": 3.7e-12, "Ea": 0, "B": 0, "D": 300, "E": 0, "reactants": {"TERP": {"qty": 1}, "NO3": {"qty": 1}}, "products": {"NO2": {"yield": 0.47}, "HO2": {"yield": 0.28}, "XO2": {"yield": 1.03}, "XO2N": {"yield": 0.25}, "ALDX": {"yield": 0.47}, "NTR": {"yield": 0.53}, "irr__155": {"yield": 1}}}, {"type": "TROE", "k0_A": 3e-31, "k0_B": -3.3, "k0_C": 0, "kinf_A": 1.5e-12, "kinf_B": 0, "kinf_C": 0, "Fc": 0.6, "N": 1, "reactants": {"SO2": {"qty": 1}, "OH": {"qty": 1}}, "products": {"SULF": {"yield": 1}, "HO2": {"yield": 1}, "irr__156": {"yield": 1}}}, {"type": "ARRHENIUS", "A": 6.9e-12, "Ea": 0, "B": 0, "D": 300, "E": 0, "reactants": {"OH": {"qty": 1}, "ETOH": {"qty": 1}}, "products": {"HO2": {"yield": 1}, "ALD2": {"yield": 0.9}, "ALDX": {"yield": 0.05}, "FORM": {"yield": 0.1}, "XO2": {"yield": 0.1}, "irr__157": {"yield": 1}}}, {"type": "ARRHENIUS", "A": 8.7e-12, "Ea": 0, "B": 0, "D": 300, "E": 0, "reactants": {"OH": {"qty": 1}, "ETHA": {"qty": 1}}, "products": {"ALD2": {"yield": 0.991}, "XO2": {"yield": 0.991}, "XO2N": {"yield": 0.009}, "HO2": {"yield": 1}, "irr__158": {"yield": 1}}}, {"type": "ARRHENIUS", "A": 1.5e-19, "Ea": 0, "B": 0, "D": 300, "E": 0, "reactants": {"NO2": {"qty": 1}, "ISOP": {"qty": 1}}, "products": {"ISPD": {"yield": 0.2}, "NTR": {"yield": 0.8}, "XO2": {"yield": 1}, "HO2": {"yield": 0.8}, "NO": {"yield": 0.2}, "ALDX": {"yield": 0.8}, "PAR": {"yield": 2.4}, "irr__159": {"yield": 1}}}, {"type": "PHOTOLYSIS", "scaling_factor": 1, "MUSICA name": "CL2", "reactants": {"CL2": {}}, "products": {"CL": {"yield": 2}, "irr__160": {"yield": 1}}}, {"type": "ARRHENIUS", "A": 2.3e-11, "Ea": 0, "B": 0, "D": 300, "E": 0, "reactants": {"CL": {"qty": 1}, "O3": {"qty": 1}}, "products": {"CLO": {"yield": 1}, "irr__161": {"yield": 1}}}, {"type": "ARRHENIUS", "A": 1.63e-14, "Ea": 0, "B": 0, "D": 300, "E": 0, "reactants": {"CLO": {"qty": 2}}, "products": {"CL2": {"yield": 0.3}, "CL": {"yield": 1.4}, "irr__162": {"yield": 1}}}, {"type": "ARRHENIUS", "A": 6.4e-12, "Ea": 0, "B": 0, "D": 300, "E": 0, "reactants": {"CLO": {"qty": 1}, "NO": {"qty": 1}}, "products": {"CL": {"yield": 1}, "NO2": {"yield": 1}, "irr__163": {"yield": 1}}}, {"type": "ARRHENIUS", "A": 2.7e-12, "Ea": 0, "B": 0, "D": 300, "E": 0, "reactants": {"CLO": {"qty": 1}, "HO2": {"qty": 1}}, "products": {"HOCL": {"yield": 1}, "irr__164": {"yield": 1}}}, {"type": "ARRHENIUS", "A": 5e-13, "Ea": 0, "B": 0, "D": 300, "E": 0, "reactants": {"OH": {"qty": 1}, "FMCL": {"qty": 1}}, "products": {"CL": {"yield": 1}, "CO": {"yield": 1}, "irr__165": {"yield": 1}}}, {"type": "ARRHENIUS", "A": 6.6e-12, "Ea": 0, "B": 0, "D": 300, "E": 0, "reactants": {"CL": {"qty": 1}, "CH4": {"qty": 1}}, "products": {"HCL": {"yield": 1}, "MEO2": {"yield": 1}, "irr__166": {"yield": 1}}}, {"type": "ARRHENIUS", "A": 5e-11, "Ea": 0, "B": 0, "D": 300, "E": 0, "reactants": {"CL": {"qty": 1}, "PAR": {"qty": 1}}, "products": {"HCL": {"yield": 1}, "XO2": {"yield": 0.87}, "XO2N": {"yield": 0.13}, "HO2": {"yield": 0.11}, "ALD2": {"yield": 0.06}, "PAR": {"yield": -0.11}, "ROR": {"yield": 0.76}, "ALDX": {"yield": 0.05}, "irr__167": {"yield": 1}}}, {"type": "ARRHENIUS", "A": 8.3e-11, "Ea": 0, "B": 0, "D": 300, "E": 0, "reactants": {"CL": {"qty": 1}, "ETHA": {"qty": 1}}, "products": {"HCL": {"yield": 1}, "ALD2": {"yield": 0.991}, "XO2": {"yield": 0.991}, "XO2N": {"yield": 0.009}, "HO2": {"yield": 1}, "irr__168": {"yield": 1}}}, {"type": "ARRHENIUS", "A": 1.07e-10, "Ea": 0, "B": 0, "D": 300, "E": 0, "reactants": {"CL": {"qty": 1}, "ETH": {"qty": 1}}, "products": {"FMCL": {"yield": 1}, "XO2": {"yield": 2}, "HO2": {"yield": 1}, "FORM": {"yield": 1}, "irr__169": {"yield": 1}}}, {"type": "ARRHENIUS", "A": 2.5e-10, "Ea": 0, "B": 0, "D": 300, "E": 0, "reactants": {"CL": {"qty": 1}, "OLE": {"qty": 1}}, "products": {"FMCL": {"yield": 1}, "ALD2": {"yield": 0.33}, "ALDX": {"yield": 0.67}, "XO2": {"yield": 2}, "HO2": {"yield": 1}, "PAR": {"yield": -1}, "irr__170": {"yield": 1}}}, {"type": "ARRHENIUS", "A": 3.5e-10, "Ea": 0, "B": 0, "D": 300, "E": 0, "reactants": {"CL": {"qty": 1}, "IOLE": {"qty": 1}}, "products": {"HCL": {"yield": 0.3}, "FMCL": {"yield": 0.7}, "ALD2": {"yield": 0.45}, "ALDX": {"yield": 0.55}, "OLE": {"yield": 0.3}, "PAR": {"yield": 0.3}, "XO2": {"yield": 1.7}, "HO2": {"yield": 1}, "irr__171": {"yield": 1}}}, {"type": "ARRHENIUS", "A": 4.3e-10, "Ea": 0, "B": 0, "D": 300, "E": 0, "reactants": {"CL": {"qty": 1}, "ISOP": {"qty": 1}}, "products": {"HCL": {"yield": 0.15}, "XO2": {"yield": 1}, "HO2": {"yield": 1}, "FMCL": {"yield": 0.85}, "ISPD": {"yield": 1}, "irr__172": {"yield": 1}}}, {"type": "ARRHENIUS", "A": 8.2e-11, "Ea": 0, "B": 0, "D": 300, "E": 0, "reactants": {"CL": {"qty": 1}, "FORM": {"qty": 1}}, "products": {"HCL": {"yield": 1}, "HO2": {"yield": 1}, "CO": {"yield": 1}, "irr__173": {"yield": 1}}}, {"type": "ARRHENIUS", "A": 7.9e-11, "Ea": 0, "B": 0, "D": 300, "E": 0, "reactants": {"CL": {"qty": 1}, "ALD2": {"qty": 1}}, "products": {"HCL": {"yield": 1}, "C2O3": {"yield": 1}, "irr__174": {"yield": 1}}}, {"type": "ARRHENIUS", "A": 1.3e-10, "Ea": 0, "B": 0, "D": 300, "E": 0, "reactants": {"CL": {"qty": 1}, "ALDX": {"qty": 1}}, "products": {"HCL": {"yield": 1}, "CXO3": {"yield": 1}, "irr__175": {"yield": 1}}}, {"type": "ARRHENIUS", "A": 5.5e-11, "Ea": 0, "B": 0, "D": 300, "E": 0, "reactants": {"CL": {"qty": 1}, "MEOH": {"qty": 1}}, "products": {"HCL": {"yield": 1}, "HO2": {"yield": 1}, "FORM": {"yield": 1}, "irr__176": {"yield": 1}}}, {"type": "ARRHENIUS", "A": 8.2e-11, "Ea": 0, "B": 0, "D": 300, "E": 0, "reactants": {"CL": {"qty": 1}, "ETOH": {"qty": 1}}, "products": {"HCL": {"yield": 1}, "HO2": {"yield": 1}, "ALD2": {"yield": 1}, "irr__177": {"yield": 1}}}, {"type": "ARRHENIUS", "A": 6.58e-13, "Ea": 0, "B": 1.16, "D": 300, "E": 0, "reactants": {"HCL": {"qty": 1}, "OH": {"qty": 1}}, "products": {"CL": {"yield": 1}, "irr__178": {"yield": 1}}}, {"type": "ARRHENIUS", "A": 2.7e-12, "Ea": 0, "B": 0, "D": 300, "E": 0, "reactants": {"TOLRO2": {"qty": 1}, "NO": {"qty": 1}}, "products": {"NO": {"yield": 1}, "irr__179": {"yield": 1}}}, {"type": "ARRHENIUS", "A": 1.9e-13, "Ea": 0, "B": 0, "D": 300, "E": 0, "reactants": {"TOLRO2": {"qty": 1}, "HO2": {"qty": 1}}, "products": {"HO2": {"yield": 1}, "irr__180": {"yield": 1}}}, {"type": "ARRHENIUS", "A": 2.7e-12, "Ea": 0, "B": 0, "D": 300, "E": 0, "reactants": {"XYLRO2": {"qty": 1}, "NO": {"qty": 1}}, "products": {"NO": {"yield": 1}, "irr__181": {"yield": 1}}}, {"type": "ARRHENIUS", "A": 1.9e-13, "Ea": 0, "B": 0, "D": 300, "E": 0, "reactants": {"XYLRO2": {"qty": 1}, "HO2": {"qty": 1}}, "products": {"HO2": {"yield": 1}, "irr__182": {"yield": 1}}}, {"type": "ARRHENIUS", "A": 2.47e-12, "Ea": 0, "B": 0, "D": 300, "E": 0, "reactants": {"BENZENE": {"qty": 1}, "OH": {"qty": 1}}, "products": {"OH": {"yield": 1}, "BENZRO2": {"yield": 0.764}, "irr__183": {"yield": 1}}}, {"type": "ARRHENIUS", "A": 2.7e-12, "Ea": 0, "B": 0, "D": 300, "E": 0, "reactants": {"BENZRO2": {"qty": 1}, "NO": {"qty": 1}}, "products": {"NO": {"yield": 1}, "irr__184": {"yield": 1}}}, {"type": "ARRHENIUS", "A": 1.9e-13, "Ea": 0, "B": 0, "D": 300, "E": 0, "reactants": {"BENZRO2": {"qty": 1}, "HO2": {"qty": 1}}, "products": {"HO2": {"yield": 1}, "irr__185": {"yield": 1}}}, {"type": "ARRHENIUS", "A": 1.16e-14, "Ea": 0, "B": 0, "D": 300, "E": 0, "reactants": {"SESQ": {"qty": 1}, "O3": {"qty": 1}}, "products": {"O3": {"yield": 1}, "irr__186": {"yield": 1}}}, {"type": "ARRHENIUS", "A": 1.97e-10, "Ea": 0, "B": 0, "D": 300, "E": 0, "reactants": {"SESQ": {"qty": 1}, "OH": {"qty": 1}}, "products": {"OH": {"yield": 1}, "irr__187": {"yield": 1}}}, {"type": "ARRHENIUS", "A": 1.9e-11, "Ea": 0, "B": 0, "D": 300, "E": 0, "reactants": {"SESQ": {"qty": 1}, "NO3": {"qty": 1}}, "products": {"NO3": {"yield": 1}, "irr__188": {"yield": 1}}}, {"type": "PHOTOLYSIS", "scaling_factor": 1, "MUSICA name": "O2", "reactants": {"O2": {}}, "products": {"O": {"yield": 2}, "irr__189": {"yield": 1}}}, {"type": "EMISSION", "scaling factor": 1, "MUSICA name": "NO", "species": "NO", "products": {"irr__190": {"yield": 1}}}, {"type": "EMISSION", "scaling factor": 1, "MUSICA name": "NO2", "species": "NO2", "products": {"irr__191": {"yield": 1}}}, {"type": "EMISSION", "scaling factor": 1, "MUSICA name": "CO", "species": "CO", "products": {"irr__192": {"yield": 1}}}, {"type": "EMISSION", "scaling factor": 1, "MUSICA name": "SO2", "species": "SO2", "products": {"irr__193": {"yield": 1}}}, {"type": "EMISSION", "scaling factor": 1, "MUSICA name": "FORM", "species": "FORM", "products": {"irr__194": {"yield": 1}}}, {"type": "EMISSION", "scaling factor": 1, "MUSICA name": "MEOH", "species": "MEOH", "products": {"irr__195": {"yield": 1}}}, {"type": "EMISSION", "scaling factor": 1, "MUSICA name": "ALD2", "species": "ALD2", "products": {"irr__196": {"yield": 1}}}, {"type": "EMISSION", "scaling factor": 1, "MUSICA name": "PAR", "species": "PAR", "products": {"irr__197": {"yield": 1}}}, {"type": "EMISSION", "scaling factor": 1, "MUSICA name": "ETH", "species": "ETH", "products": {"irr__198": {"yield": 1}}}, {"type": "EMISSION", "scaling factor": 1, "MUSICA name": "OLE", "species": "OLE", "products": {"irr__199": {"yield": 1}}}, {"type": "EMISSION", "scaling factor": 1, "MUSICA name": "IOLE", "species": "IOLE", "products": {"irr__200": {"yield": 1}}}, {"type": "EMISSION", "scaling factor": 1, "MUSICA name": "TOL", "species": "TOL", "products": {"irr__201": {"yield": 1}}}, {"type": "EMISSION", "scaling factor": 1, "MUSICA name": "XYL", "species": "XYL", "products": {"irr__202": {"yield": 1}}}, {"type": "EMISSION", "scaling factor": 1, "MUSICA name": "ISOP", "species": "ISOP", "products": {"irr__203": {"yield": 1}}}]}]}