{"camp-data": [{"name": "AACD", "type": "CHEM_SPEC"}, {"name": "ALD2", "type": "CHEM_SPEC"}, {"name": "ALDX", "type": "CHEM_SPEC"}, {"name": "BENZENE", "type": "CHEM_SPEC"}, {"name": "BENZRO2", "type": "CHEM_SPEC"}, {"name": "C2O3", "type": "CHEM_SPEC"}, {"name": "CH4", "type": "CHEM_SPEC"}, {"name": "CL", "type": "CHEM_SPEC"}, {"name": "CL2", "type": "CHEM_SPEC"}, {"name": "CLO", "type": "CHEM_SPEC"}, {"name": "CO", "type": "CHEM_SPEC"}, {"name": "CRES", "type": "CHEM_SPEC"}, {"name": "CRO", "type": "CHEM_SPEC"}, {"name": "CXO3", "type": "CHEM_SPEC"}, {"name": "ETH", "type": "CHEM_SPEC"}, {"name": "ETHA", "type": "CHEM_SPEC"}, {"name": "ETOH", "type": "CHEM_SPEC"}, {"name": "FACD", "type": "CHEM_SPEC"}, {"name": "FMCL", "type": "CHEM_SPEC"}, {"name": "FORM", "type": "CHEM_SPEC"}, {"name": "H2", "type": "CHEM_SPEC"}, {"name": "H2O", "type": "CHEM_SPEC"}, {"name": "H2O2", "type": "CHEM_SPEC"}, {"name": "HCL", "type": "CHEM_SPEC"}, {"name": "HCO3", "type": "CHEM_SPEC"}, {"name": "HNO3", "type": "CHEM_SPEC"}, {"name": "HO2", "type": "CHEM_SPEC"}, {"name": "HOCL", "type": "CHEM_SPEC"}, {"name": "HONO", "type": "CHEM_SPEC"}, {"name": "IOLE", "type": "CHEM_SPEC"}, {"name": "ISOP", "type": "CHEM_SPEC"}, {"name": "ISPD", "type": "CHEM_SPEC"}, {"name": "M", "type": "CHEM_SPEC"}, {"name": "MEO2", "type": "CHEM_SPEC"}, {"name": "MEOH", "type": "CHEM_SPEC"}, {"name": "MEPX", "type": "CHEM_SPEC"}, {"name": "MGLY", "type": "CHEM_SPEC"}, {"name": "N2O5", "type": "CHEM_SPEC"}, {"name": "NO", "type": "CHEM_SPEC"}, {"name": "NO2", "type": "CHEM_SPEC"}, {"name": "NO3", "type": "CHEM_SPEC"}, {"name": "NTR", "type": "CHEM_SPEC"}, {"name": "O", "type": "CHEM_SPEC"}, {"name": "O1D", "type": "CHEM_SPEC"}, {"name": "O3", "type": "CHEM_SPEC"}, {"name": "OH", "type": "CHEM_SPEC"}, {"name": "O2", "type": "CHEM_SPEC"}, {"name": "OLE", "type": "CHEM_SPEC"}, {"name": "OPEN", "type": "CHEM_SPEC"}, {"name": "PACD", "type": "CHEM_SPEC"}, {"name": "PAN", "type": "CHEM_SPEC"}, {"name": "PANX", "type": "CHEM_SPEC"}, {"name": "PAR", "type": "CHEM_SPEC"}, {"name": "PNA", "type": "CHEM_SPEC"}, {"name": "ROOH", "type": "CHEM_SPEC"}, {"name": "ROR", "type": "CHEM_SPEC"}, {"name": "SESQ", "type": "CHEM_SPEC"}, {"name": "SO2", "type": "CHEM_SPEC"}, {"name": "SULF", "type": "CHEM_SPEC"}, {"name": "TERP", "type": "CHEM_SPEC"}, {"name": "TO2", "type": "CHEM_SPEC"}, {"name": "TOL", "type": "CHEM_SPEC"}, {"name": "TOLRO2", "type": "CHEM_SPEC"}, {"name": "XO2", "type": "CHEM_SPEC"}, {"name": "XO2N", "type": "CHEM_SPEC"}, {"name": "XYL", "type": "CHEM_SPEC"}, {"name": "XYLRO2", "type": "CHEM_SPEC"}, {"name": "irr__0", "type": "CHEM_SPEC"}, {"name": "irr__1", "type": "CHEM_SPEC"}, {"name": "irr__2", "type": "CHEM_SPEC"}, {"name": "irr__3", "type": "CHEM_SPEC"}, {"name": "irr__4", "type": "CHEM_SPEC"}, {"name": "irr__5", "type": "CHEM_SPEC"}, {"name": "irr__6", "type": "CHEM_SPEC"}, {"name": "irr__7", "type": "CHEM_SPEC"}, {"name": "irr__8", "type": "CHEM_SPEC"}, {"name": "irr__9", "type": "CHEM_SPEC"}, {"name": "irr__10", "type": "CHEM_SPEC"}, {"name": "irr__11", "type": "CHEM_SPEC"}, {"name": "irr__12", "type": "CHEM_SPEC"}, {"name": "irr__13", "type": "CHEM_SPEC"}, {"name": "irr__14", "type": "CHEM_SPEC"}, {"name": "irr__15", "type": "CHEM_SPEC"}, {"name": "irr__16", "type": "CHEM_SPEC"}, {"name": "irr__17", "type": "CHEM_SPEC"}, {"name": "irr__18", "type": "CHEM_SPEC"}, {"name": "irr__19", "type": "CHEM_SPEC"}, {"name": "irr__20", "type": "CHEM_SPEC"}, {"name": "irr__21", "type": "CHEM_SPEC"}, {"name": "irr__22", "type": "CHEM_SPEC"}, {"name": "irr__23", "type": "CHEM_SPEC"}, {"name": "irr__24", "type": "CHEM_SPEC"}, {"name": "irr__25", "type": "CHEM_SPEC"}, {"name": "irr__26", "type": "CHEM_SPEC"}, {"name": "irr__27", "type": "CHEM_SPEC"}, {"name": "irr__28", "type": "CHEM_SPEC"}, {"name": "irr__29", "type": "CHEM_SPEC"}, {"name": "irr__30", "type": "CHEM_SPEC"}, {"name": "irr__31", "type": "CHEM_SPEC"}, {"name": "irr__32", "type": "CHEM_SPEC"}, {"name": "irr__33", "type": "CHEM_SPEC"}, {"name": "irr__34", "type": "CHEM_SPEC"}, {"name": "irr__35", "type": "CHEM_SPEC"}, {"name": "irr__36", "type": "CHEM_SPEC"}, {"name": "irr__37", "type": "CHEM_SPEC"}, {"name": "irr__38", "type": "CHEM_SPEC"}, {"name": "irr__39", "type": "CHEM_SPEC"}, {"name": "irr__40", "type": "CHEM_SPEC"}, {"name": "irr__41", "type": "CHEM_SPEC"}, {"name": "irr__42", "type": "CHEM_SPEC"}, {"name": "irr__43", "type": "CHEM_SPEC"}, {"name": "irr__44", "type": "CHEM_SPEC"}, {"name": "irr__45", "type": "CHEM_SPEC"}, {"name": "irr__46", "type": "CHEM_SPEC"}, {"name": "irr__47", "type": "CHEM_SPEC"}, {"name": "irr__48", "type": "CHEM_SPEC"}, {"name": "irr__49", "type": "CHEM_SPEC"}, {"name": "irr__50", "type": "CHEM_SPEC"}, {"name": "irr__51", "type": "CHEM_SPEC"}, {"name": "irr__52", "type": "CHEM_SPEC"}, {"name": "irr__53", "type": "CHEM_SPEC"}, {"name": "irr__54", "type": "CHEM_SPEC"}, {"name": "irr__55", "type": "CHEM_SPEC"}, {"name": "irr__56", "type": "CHEM_SPEC"}, {"name": "irr__57", "type": "CHEM_SPEC"}, {"name": "irr__58", "type": "CHEM_SPEC"}, {"name": "irr__59", "type": "CHEM_SPEC"}, {"name": "irr__60", "type": "CHEM_SPEC"}, {"name": "irr__61", "type": "CHEM_SPEC"}, {"name": "irr__62", "type": "CHEM_SPEC"}, {"name": "irr__63", "type": "CHEM_SPEC"}, {"name": "irr__64", "type": "CHEM_SPEC"}, {"name": "irr__65", "type": "CHEM_SPEC"}, {"name": "irr__66", "type": "CHEM_SPEC"}, {"name": "irr__67", "type": "CHEM_SPEC"}, {"name": "irr__68", "type": "CHEM_SPEC"}, {"name": "irr__69", "type": "CHEM_SPEC"}, {"name": "irr__70", "type": "CHEM_SPEC"}, {"name": "irr__71", "type": "CHEM_SPEC"}, {"name": "irr__72", "type": "CHEM_SPEC"}, {"name": "irr__73", "type": "CHEM_SPEC"}, {"name": "irr__74", "type": "CHEM_SPEC"}, {"name": "irr__75", "type": "CHEM_SPEC"}, {"name": "irr__76", "type": "CHEM_SPEC"}, {"name": "irr__77", "type": "CHEM_SPEC"}, {"name": "irr__78", "type": "CHEM_SPEC"}, {"name": "irr__79", "type": "CHEM_SPEC"}, {"name": "irr__80", "type": "CHEM_SPEC"}, {"name": "irr__81", "type": "CHEM_SPEC"}, {"name": "irr__82", "type": "CHEM_SPEC"}, {"name": "irr__83", "type": "CHEM_SPEC"}, {"name": "irr__84", "type": "CHEM_SPEC"}, {"name": "irr__85", "type": "CHEM_SPEC"}, {"name": "irr__86", "type": "CHEM_SPEC"}, {"name": "irr__87", "type": "CHEM_SPEC"}, {"name": "irr__88", "type": "CHEM_SPEC"}, {"name": "irr__89", "type": "CHEM_SPEC"}, {"name": "irr__90", "type": "CHEM_SPEC"}, {"name": "irr__91", "type": "CHEM_SPEC"}, {"name": "irr__92", "type": "CHEM_SPEC"}, {"name": "irr__93", "type": "CHEM_SPEC"}, {"name": "irr__94", "type": "CHEM_SPEC"}, {"name": "irr__95", "type": "CHEM_SPEC"}, {"name": "irr__96", "type": "CHEM_SPEC"}, {"name": "irr__97", "type": "CHEM_SPEC"}, {"name": "irr__98", "type": "CHEM_SPEC"}, {"name": "irr__99", "type": "CHEM_SPEC"}, {"name": "irr__100", "type": "CHEM_SPEC"}, {"name": "irr__101", "type": "CHEM_SPEC"}, {"name": "irr__102", "type": "CHEM_SPEC"}, {"name": "irr__103", "type": "CHEM_SPEC"}, {"name": "irr__104", "type": "CHEM_SPEC"}, {"name": "irr__105", "type": "CHEM_SPEC"}, {"name": "irr__106", "type": "CHEM_SPEC"}, {"name": "irr__107", "type": "CHEM_SPEC"}, {"name": "irr__108", "type": "CHEM_SPEC"}, {"name": "irr__109", "type": "CHEM_SPEC"}, {"name": "irr__110", "type": "CHEM_SPEC"}, {"name": "irr__111", "type": "CHEM_SPEC"}, {"name": "irr__112", "type": "CHEM_SPEC"}, {"name": "irr__113", "type": "CHEM_SPEC"}, {"name": "irr__114", "type": "CHEM_SPEC"}, {"name": "irr__115", "type": "CHEM_SPEC"}, {"name": "irr__116", "type": "CHEM_SPEC"}, {"name": "irr__117", "type": "CHEM_SPEC"}, {"name": "irr__118", "type": "CHEM_SPEC"}, {"name": "irr__119", "type": "CHEM_SPEC"}, {"name": "irr__120", "type": "CHEM_SPEC"}, {"name": "irr__121", "type": "CHEM_SPEC"}, {"name": "irr__122", "type": "CHEM_SPEC"}, {"name": "irr__123", "type": "CHEM_SPEC"}, {"name": "irr__124", "type": "CHEM_SPEC"}, {"name": "irr__125", "type": "CHEM_SPEC"}, {"name": "irr__126", "type": "CHEM_SPEC"}, {"name": "irr__127", "type": "CHEM_SPEC"}, {"name": "irr__128", "type": "CHEM_SPEC"}, {"name": "irr__129", "type": "CHEM_SPEC"}, {"name": "irr__130", "type": "CHEM_SPEC"}, {"name": "irr__131", "type": "CHEM_SPEC"}, {"name": "irr__132", "type": "CHEM_SPEC"}, {"name": "irr__133", "type": "CHEM_SPEC"}, {"name": "irr__134", "type": "CHEM_SPEC"}, {"name": "irr__135", "type": "CHEM_SPEC"}, {"name": "irr__136", "type": "CHEM_SPEC"}, {"name": "irr__137", "type": "CHEM_SPEC"}, {"name": "irr__138", "type": "CHEM_SPEC"}, {"name": "irr__139", "type": "CHEM_SPEC"}, {"name": "irr__140", "type": "CHEM_SPEC"}, {"name": "irr__141", "type": "CHEM_SPEC"}, {"name": "irr__142", "type": "CHEM_SPEC"}, {"name": "irr__143", "type": "CHEM_SPEC"}, {"name": "irr__144", "type": "CHEM_SPEC"}, {"name": "irr__145", "type": "CHEM_SPEC"}, {"name": "irr__146", "type": "CHEM_SPEC"}, {"name": "irr__147", "type": "CHEM_SPEC"}, {"name": "irr__148", "type": "CHEM_SPEC"}, {"name": "irr__149", "type": "CHEM_SPEC"}, {"name": "irr__150", "type": "CHEM_SPEC"}, {"name": "irr__151", "type": "CHEM_SPEC"}, {"name": "irr__152", "type": "CHEM_SPEC"}, {"name": "irr__153", "type": "CHEM_SPEC"}, {"name": "irr__154", "type": "CHEM_SPEC"}, {"name": "irr__155", "type": "CHEM_SPEC"}, {"name": "irr__156", "type": "CHEM_SPEC"}, {"name": "irr__157", "type": "CHEM_SPEC"}, {"name": "irr__158", "type": "CHEM_SPEC"}, {"name": "irr__159", "type": "CHEM_SPEC"}, {"name": "irr__160", "type": "CHEM_SPEC"}, {"name": "irr__161", "type": "CHEM_SPEC"}, {"name": "irr__162", "type": "CHEM_SPEC"}, {"name": "irr__163", "type": "CHEM_SPEC"}, {"name": "irr__164", "type": "CHEM_SPEC"}, {"name": "irr__165", "type": "CHEM_SPEC"}, {"name": "irr__166", "type": "CHEM_SPEC"}, {"name": "irr__167", "type": "CHEM_SPEC"}, {"name": "irr__168", "type": "CHEM_SPEC"}, {"name": "irr__169", "type": "CHEM_SPEC"}, {"name": "irr__170", "type": "CHEM_SPEC"}, {"name": "irr__171", "type": "CHEM_SPEC"}, {"name": "irr__172", "type": "CHEM_SPEC"}, {"name": "irr__173", "type": "CHEM_SPEC"}, {"name": "irr__174", "type": "CHEM_SPEC"}, {"name": "irr__175", "type": "CHEM_SPEC"}, {"name": "irr__176", "type": "CHEM_SPEC"}, {"name": "irr__177", "type": "CHEM_SPEC"}, {"name": "irr__178", "type": "CHEM_SPEC"}, {"name": "irr__179", "type": "CHEM_SPEC"}, {"name": "irr__180", "type": "CHEM_SPEC"}, {"name": "irr__181", "type": "CHEM_SPEC"}, {"name": "irr__182", "type": "CHEM_SPEC"}, {"name": "irr__183", "type": "CHEM_SPEC"}, {"name": "irr__184", "type": "CHEM_SPEC"}, {"name": "irr__185", "type": "CHEM_SPEC"}, {"name": "irr__186", "type": "CHEM_SPEC"}, {"name": "irr__187", "type": "CHEM_SPEC"}, {"name": "irr__188", "type": "CHEM_SPEC"}, {"name": "irr__189", "type": "CHEM_SPEC"}, {"name": "irr__190", "type": "CHEM_SPEC"}, {"name": "irr__191", "type": "CHEM_SPEC"}, {"name": "irr__192", "type": "CHEM_SPEC"}, {"name": "irr__193", "type": "CHEM_SPEC"}, {"name": "irr__194", "type": "CHEM_SPEC"}, {"name": "irr__195", "type": "CHEM_SPEC"}, {"name": "irr__196", "type": "CHEM_SPEC"}, {"name": "irr__197", "type": "CHEM_SPEC"}, {"name": "irr__198", "type": "CHEM_SPEC"}, {"name": "irr__199", "type": "CHEM_SPEC"}, {"name": "irr__200", "type": "CHEM_SPEC"}, {"name": "irr__201", "type": "CHEM_SPEC"}, {"name": "irr__202", "type": "CHEM_SPEC"}, {"name": "irr__203", "type": "CHEM_SPEC"}]}